CO,DE,LO,PA,SP
3.775055141,1.616446507,260.2417293,134.6695511,1.132098873
