CO,DE,LO,PA,SP
221.7339422,0.378480801,127.161004,0.839857771,7.176307448
