CO,DE,LO,PA,SP
231.7204279,0.711692526,190.3041962,2.705073983,217.6500983
