CO,DE,LO,PA,SP
0.819347826,1.085281505,0.259219565,1.140768969,251.5736462
